date,sex,age,CZ0,CZ01,CZ02,CZ03,CZ04,CZ05,CZ06,CZ07,CZ08,CZ010,CZ020,CZ031,CZ032,CZ041,CZ042,CZ051,CZ052,CZ053,CZ063,CZ064,CZ071,CZ072,CZ080,CZ0100,CZ0201,CZ0202,CZ0203,CZ0204,CZ0205,CZ0206,CZ0207,CZ0208,CZ0209,CZ020A,CZ020B,CZ020C,CZ0311,CZ0312,CZ0313,CZ0314,CZ0315,CZ0316,CZ0317,CZ0321,CZ0322,CZ0323,CZ0324,CZ0325,CZ0326,CZ0327,CZ0411,CZ0412,CZ0413,CZ0421,CZ0422,CZ0423,CZ0424,CZ0425,CZ0426,CZ0427,CZ0511,CZ0512,CZ0513,CZ0514,CZ0521,CZ0522,CZ0523,CZ0524,CZ0525,CZ0531,CZ0532,CZ0533,CZ0534,CZ0631,CZ0632,CZ0633,CZ0634,CZ0635,CZ0641,CZ0642,CZ0643,CZ0644,CZ0645,CZ0646,CZ0647,CZ0711,CZ0712,CZ0713,CZ0714,CZ0715,CZ0721,CZ0722,CZ0723,CZ0724,CZ0801,CZ0802,CZ0803,CZ0804,CZ0805,CZ0806
2019-12-31,F,0,54573,7264,7344,6214,5295,7639,9200,5807,5810,7264,7344,3281,2933,1372,3923,2285,2664,2690,2662,6538,3076,2731,5810,7264,504,497,846,573,382,572,644,565,1005,889,597,270,1012,307,481,368,266,323,524,320,391,994,314,370,234,310,402,508,462,597,622,577,424,487,609,607,487,468,961,369,795,404,549,383,533,543,911,519,717,492,561,378,523,708,599,2216,1301,607,706,510,599,169,1264,516,566,561,482,680,699,870,409,1025,1117,809,846,1604
2019-12-31,F,1,56014,7464,7608,6306,5347,7840,9257,6258,5934,7464,7608,3342,2964,1364,3983,2315,2799,2726,2586,6671,3258,3000,5934,7464,499,494,854,591,404,598,698,548,1108,946,603,265,1103,350,426,330,259,358,516,290,393,1028,321,396,251,285,401,530,433,575,613,575,423,526,603,668,503,465,963,384,826,405,559,430,579,532,877,580,737,490,561,363,490,682,592,2187,1428,563,741,547,613,164,1353,526,608,607,550,697,761,992,385,1055,1126,861,903,1604
2019-12-31,F,2,56184,7288,7937,6415,5494,7680,9279,6210,5881,7288,7937,3375,3040,1341,4153,2299,2751,2630,2688,6591,3256,2954,5881,7288,552,560,899,564,419,627,707,541,1229,940,612,287,1071,331,441,359,268,389,516,301,386,1096,328,394,255,280,428,462,451,642,639,629,439,558,639,607,509,477,966,347,840,407,519,438,547,557,883,500,690,541,633,357,543,614,591,2163,1347,599,717,551,623,169,1297,560,607,623,519,748,721,966,422,1140,1081,795,880,1563
2019-12-31,F,3,55571,7363,8027,6210,5452,7828,9035,5991,5665,7363,8027,3237,2973,1415,4037,2411,2698,2719,2564,6471,3197,2794,5665,7363,540,576,913,558,414,605,732,551,1293,1011,569,265,1111,307,424,358,231,347,459,314,433,981,317,393,264,271,422,529,464,625,625,556,432,532,662,605,553,534,960,364,834,395,517,406,546,529,958,518,714,484,634,308,534,604,591,2130,1355,610,721,497,567,162,1309,536,636,554,540,637,654,963,394,1045,1100,796,846,1484
2019-12-31,F,4,54952,7132,8051,6073,5515,7558,8979,5960,5684,7132,8051,3212,2861,1337,4178,2310,2692,2556,2582,6397,3099,2861,5684,7132,552,582,857,594,425,605,680,531,1329,1006,573,317,1065,307,421,340,244,354,481,322,358,984,270,443,223,261,404,504,429,663,653,607,453,545,619,638,541,435,957,377,793,419,527,410,543,501,884,513,658,490,585,325,605,577,569,2033,1425,554,705,494,617,167,1222,558,549,603,491,668,768,934,391,1037,1045,774,897,1540
2019-12-31,F,5,54709,7163,8138,6038,5353,7546,8774,5821,5876,7163,8138,3212,2826,1312,4041,2180,2685,2681,2523,6251,3056,2765,5876,7163,546,583,924,557,367,603,703,632,1334,1049,556,284,1080,288,439,344,225,372,464,299,381,964,310,392,229,251,420,504,388,602,598,628,456,564,594,599,525,436,891,328,845,351,485,425,579,546,916,517,702,478,601,323,534,587,588,1977,1336,555,713,517,565,147,1255,526,597,531,498,654,683,930,421,1099,1124,787,896,1549
2019-12-31,F,6,53488,6728,7941,5965,5366,7552,8487,5776,5673,6728,7941,3145,2820,1373,3993,2259,2711,2582,2372,6115,3104,2672,5673,6728,536,493,916,584,342,559,689,553,1354,1031,600,284,983,268,415,344,253,337,545,312,416,940,272,382,222,276,455,513,405,614,584,588,468,522,611,606,525,445,933,356,845,376,521,405,564,461,913,502,706,432,559,310,501,570,578,1821,1378,569,671,531,567,161,1239,531,570,603,493,661,654,864,387,1022,1095,768,872,1529
2019-12-31,F,7,54023,7011,8066,6219,5401,7550,8476,5718,5582,7011,8066,3229,2990,1342,4059,2194,2678,2678,2496,5980,3069,2649,5582,7011,558,552,949,584,358,572,676,562,1369,1068,564,254,1078,306,430,313,263,328,511,305,406,967,331,403,290,288,403,515,424,661,631,640,392,559,627,549,489,458,913,334,767,375,515,415,606,521,910,555,692,480,574,353,532,557,608,1840,1305,565,654,483,525,185,1199,524,591,570,462,637,666,884,390,1098,1088,704,830,1472
2019-12-31,F,8,53772,6747,8219,5979,5524,7596,8442,5747,5518,6747,8219,3115,2864,1412,4112,2345,2614,2637,2434,6008,3022,2725,5518,6747,528,548,943,558,387,612,722,588,1363,1143,559,268,1001,307,384,356,255,330,482,284,418,949,304,434,225,250,452,544,416,656,598,638,461,542,617,600,524,492,967,362,771,372,502,401,568,535,875,537,690,452,556,340,514,572,551,1883,1292,542,705,482,553,153,1240,540,554,535,518,626,701,880,402,1039,1108,726,836,1407
2019-12-31,F,9,58591,7047,8555,6698,6157,8228,9055,6415,6436,7047,8555,3496,3202,1600,4557,2519,2882,2827,2656,6399,3398,3017,6436,7047,564,600,981,575,377,633,743,643,1420,1123,584,312,1146,339,493,356,275,352,535,348,446,1049,322,489,250,298,489,610,501,737,684,637,530,589,704,676,596,495,1040,388,875,403,571,427,606,527,969,584,747,513,650,348,532,613,634,1918,1380,624,745,518,580,181,1293,605,670,649,545,751,713,1008,459,1226,1259,862,953,1677
2019-12-31,F,10,59800,6956,8660,6823,6425,8676,9180,6570,6510,6956,8660,3585,3238,1643,4782,2623,3147,2906,2650,6530,3554,3016,6510,6956,601,573,1004,593,404,637,758,644,1410,1115,647,274,1118,371,477,357,275,407,580,377,443,1084,382,434,240,278,518,617,508,780,736,697,524,645,687,713,611,532,1062,418,936,449,635,464,663,573,980,572,781,474,642,343,551,640,620,1910,1401,609,751,573,666,187,1377,641,680,669,559,748,755,954,490,1189,1305,869,975,1682
2019-12-31,F,11,60292,6830,8738,6892,6696,8665,9268,6687,6516,6830,8738,3619,3273,1726,4970,2699,3090,2876,2764,6504,3543,3144,6516,6830,598,609,989,600,409,670,769,662,1390,1128,598,316,1121,377,511,398,302,363,547,394,425,1055,366,474,267,292,525,668,533,799,812,713,501,688,723,734,647,519,1089,444,930,437,634,419,670,560,946,598,772,519,675,379,573,618,640,1870,1423,641,764,531,635,214,1331,595,692,711,558,728,782,1076,504,1161,1346,810,979,1716
2019-12-31,F,12,58330,6364,8195,6788,6533,8458,8875,6447,6670,6364,8195,3568,3220,1697,4836,2524,3072,2862,2736,6139,3454,2993,6670,6364,553,538,981,578,446,615,721,634,1251,980,626,272,1086,378,505,390,262,403,544,356,458,986,336,487,263,334,551,655,491,814,709,695,523,642,742,711,652,495,1000,377,916,447,585,436,688,519,976,600,767,510,644,350,609,623,578,1825,1250,586,782,459,659,188,1283,597,706,680,569,687,745,992,491,1215,1283,881,1024,1776
2019-12-31,F,13,53080,5957,7386,6138,5879,7702,8066,5984,5968,5957,7386,3202,2936,1486,4393,2297,2798,2607,2462,5604,3172,2812,5968,5957,522,525,812,533,346,518,636,549,1138,970,548,289,996,333,443,331,250,330,519,312,431,930,318,411,230,304,457,567,462,708,625,603,467,634,712,644,532,486,910,369,834,386,549,425,604,519,845,503,740,459,568,348,509,578,526,1668,1181,553,735,434,507,199,1130,555,686,602,494,667,696,955,425,1057,1207,756,936,1587
2019-12-31,F,14,50521,5475,7058,5761,5562,7150,7958,5810,5747,5475,7058,3051,2710,1383,4179,2087,2611,2452,2471,5487,2999,2811,5747,5475,489,497,863,496,340,520,576,529,1092,875,532,249,924,304,446,337,245,317,478,315,439,781,321,385,221,248,460,504,419,742,643,618,410,510,646,610,477,389,857,364,768,403,528,343,569,518,725,544,665,469,532,341,533,596,514,1588,1114,577,714,420,560,201,1091,539,618,550,496,703,712,900,420,1065,1087,750,880,1545
2019-12-31,F,15,48051,4997,6721,5541,5391,7018,7484,5479,5420,4997,6721,2988,2553,1273,4118,2108,2509,2401,2322,5162,2919,2560,5420,4997,467,454,749,459,312,562,578,488,1035,803,563,251,903,302,400,296,258,352,477,279,399,777,272,374,211,241,410,494,369,609,642,590,456,567,644,610,488,408,883,329,694,337,522,413,543,458,741,503,699,414,498,326,495,589,520,1430,1085,539,654,454,480,207,1051,519,576,566,498,634,601,827,443,1045,1046,668,837,1381
2019-12-31,F,16,46354,4572,6215,5405,5213,6754,7335,5395,5465,4572,6215,2886,2519,1264,3949,1977,2488,2289,2395,4940,2857,2538,5465,4572,438,370,737,482,295,524,518,475,862,726,534,254,831,295,412,335,202,313,498,312,416,702,255,377,213,244,400,485,379,655,587,534,421,508,604,640,486,406,790,295,662,358,534,406,528,470,700,500,619,455,503,323,540,574,468,1373,1023,483,635,402,556,173,1035,522,572,555,425,641,638,834,434,1015,1072,721,803,1420
2019-12-31,F,17,46110,4592,6234,5400,5198,6646,7348,5279,5413,4592,6234,2877,2523,1357,3841,2034,2387,2225,2336,5012,2735,2544,5413,4592,453,414,754,434,339,544,537,470,873,692,502,222,812,298,420,326,239,332,450,293,373,799,291,341,202,224,439,504,414,638,620,510,408,528,578,559,511,387,801,335,674,349,500,344,520,436,658,493,638,463,500,324,481,568,432,1486,1008,459,718,405,504,162,996,503,549,525,464,617,650,813,445,967,1073,713,782,1433
2019-12-31,F,18,45944,4990,5954,5396,5213,6623,7116,5374,5278,4990,5954,2853,2543,1359,3854,1938,2383,2302,2171,4945,2795,2579,5278,4990,430,366,726,414,304,437,539,444,849,678,522,245,785,280,437,305,256,317,473,289,390,801,263,364,195,241,449,479,431,644,586,560,370,520,604,570,434,394,776,334,678,350,500,339,516,483,675,490,654,373,469,319,499,511,476,1543,976,446,624,353,527,162,1050,472,574,537,504,615,623,837,412,924,1041,699,789,1413
2019-12-31,F,19,45548,5249,5795,5292,5079,6673,7147,5104,5209,5249,5795,2767,2525,1334,3745,1991,2414,2268,2289,4858,2627,2477,5209,5249,450,442,668,385,314,428,531,445,745,693,470,224,820,281,388,320,236,298,424,313,386,744,245,360,234,243,435,507,392,627,581,535,366,506,567,563,483,395,803,310,666,342,518,360,528,460,745,492,571,416,507,348,491,527,433,1511,915,479,636,390,494,177,953,467,534,496,421,581,613,862,444,953,1039,669,780,1324
2019-12-31,F,20,45334,5054,5651,5170,4989,6817,6966,5314,5373,5054,5651,2753,2417,1294,3695,1981,2464,2372,2214,4752,2742,2572,5373,5054,430,388,660,411,337,450,495,407,715,619,494,245,791,281,403,316,226,303,433,274,384,719,272,359,190,219,404,510,380,592,608,499,374,503,567,552,486,376,787,332,733,328,522,342,539,493,731,481,667,392,488,326,498,510,456,1372,902,468,671,404,479,169,1021,485,580,487,476,627,651,818,422,915,1154,723,784,1375
2019-12-31,F,21,45930,5045,5543,5284,5075,6802,7364,5331,5486,5045,5543,2805,2479,1295,3780,2025,2383,2394,2399,4965,2759,2572,5486,5045,379,375,711,403,325,448,512,402,691,562,507,228,815,263,431,308,250,270,468,264,375,743,276,369,210,242,400,470,425,644,597,508,380,520,603,528,494,430,770,331,673,359,482,350,519,491,719,501,683,447,522,357,515,558,457,1480,934,514,662,381,537,190,1022,442,559,546,453,660,656,803,445,1007,1110,720,786,1418
2019-12-31,F,22,46574,5376,5809,5324,5011,6916,7419,5283,5436,5376,5809,2858,2466,1304,3707,1993,2473,2450,2392,5027,2800,2483,5436,5376,428,370,716,420,336,446,562,434,721,593,535,248,837,290,401,336,246,305,443,230,377,780,277,348,201,253,425,474,405,588,546,523,415,516,581,538,498,413,757,325,723,348,509,404,489,481,788,497,684,430,508,337,494,623,481,1527,899,469,708,403,540,176,1011,515,566,532,423,611,636,813,447,974,1084,687,803,1441
2019-12-31,F,23,47005,5558,5640,5425,5079,6804,7495,5447,5557,5558,5640,2816,2609,1283,3796,1992,2466,2346,2431,5064,2830,2617,5557,5558,395,357,677,417,308,492,528,420,730,577,518,221,809,280,430,330,213,315,439,279,395,840,263,353,231,248,401,460,422,599,604,507,440,495,594,557,496,384,809,303,685,340,577,331,533,488,745,483,630,458,522,335,541,575,475,1560,956,509,655,408,501,178,1020,457,601,574,483,643,680,811,455,968,1161,690,792,1491
2019-12-31,F,24,49953,6099,6183,5718,5360,7060,7994,5764,5775,6099,6183,2993,2725,1390,3970,2059,2518,2483,2508,5486,2986,2778,5775,6099,459,417,751,448,385,498,619,477,734,606,517,272,914,289,451,329,229,332,449,292,401,863,290,367,236,276,436,476,478,635,622,548,416,535,631,583,485,411,816,347,725,393,505,367,528,502,781,537,663,462,515,317,558,656,531,1677,1015,518,734,416,595,185,1053,523,628,597,539,673,734,832,453,1038,1220,738,863,1463
2019-12-31,F,25,55560,6736,6653,6490,6044,7921,8950,6360,6406,6736,6653,3437,3053,1607,4437,2333,2770,2818,2772,6178,3339,3021,6406,6736,493,435,836,495,404,546,672,482,793,693,528,276,1001,338,503,382,287,362,564,343,436,957,333,445,245,294,496,626,485,661,674,611,454,668,685,684,562,489,894,388,855,390,551,371,603,610,857,592,759,526,576,376,590,704,594,1901,1083,634,869,472,625,206,1202,536,714,681,547,753,748,973,497,1097,1336,843,921,1712
2019-12-31,F,26,62334,7490,7551,7139,6541,8988,10260,7133,7232,7490,7551,3781,3358,1705,4836,2590,3270,3128,3194,7066,3706,3427,7232,7490,533,481,971,558,466,652,722,549,887,781,631,320,1159,364,557,435,275,411,580,382,526,1049,329,448,291,333,519,635,551,786,707,695,532,678,746,692,626,474,1064,426,965,470,659,488,688,601,1012,670,845,552,695,422,732,793,652,2202,1226,741,953,538,754,213,1355,625,772,741,597,852,875,1103,541,1276,1519,938,1004,1954
2019-12-31,F,27,62928,7981,7715,7129,6348,8890,10240,7359,7266,7981,7715,3769,3360,1642,4706,2535,3183,3172,3078,7162,3819,3540,7266,7981,578,503,953,618,412,659,811,542,949,735,640,315,1219,364,508,398,308,381,591,327,457,1112,347,464,312,341,527,626,489,693,704,731,490,673,745,670,567,522,1005,441,975,462,609,469,668,629,1022,653,868,552,677,430,693,726,598,2339,1245,747,929,563,741,251,1495,648,729,696,637,890,884,1129,534,1288,1519,957,1007,1961
2019-12-31,F,28,66935,9215,8075,7674,6641,9196,10859,7568,7707,9215,8075,3997,3677,1742,4899,2691,3345,3160,3204,7655,3953,3615,7707,9215,604,559,1000,592,456,683,787,603,978,816,678,319,1288,404,508,400,329,413,655,403,486,1220,405,544,301,318,509,667,566,748,733,727,506,666,740,779,635,558,1074,424,1026,487,673,503,656,635,1088,600,837,573,693,445,706,787,650,2623,1396,699,929,622,736,226,1511,637,833,746,637,879,920,1179,584,1351,1518,1012,1075,2167
2019-12-31,F,29,68329,9797,8396,7644,6795,9268,10931,7572,7926,9797,8396,3958,3686,1836,4959,2742,3263,3263,3162,7769,3961,3611,7926,9797,576,537,1048,640,458,707,837,646,1104,833,686,324,1331,313,530,453,326,416,589,380,481,1339,365,472,296,353,590,658,588,736,770,696,529,724,755,749,655,532,1114,441,1035,451,644,466,667,650,1107,622,884,576,717,419,728,722,666,2724,1432,676,968,582,721,184,1473,663,826,815,594,878,912,1227,586,1357,1547,1030,1153,2253
2019-12-31,F,30,67891,10034,8363,7773,6661,9161,10845,7441,7613,10034,8363,3965,3808,1797,4864,2759,3245,3157,3009,7836,3911,3530,7613,10034,526,587,1006,609,459,684,833,639,1121,868,682,349,1324,391,519,450,310,409,562,385,486,1357,408,486,319,367,546,711,540,709,817,715,529,642,753,699,641,510,1139,469,1013,472,639,464,657,658,1110,577,812,504,698,410,683,714,677,2856,1435,745,892,566,665,234,1565,643,781,688,634,847,886,1163,527,1401,1510,897,1130,2148
2019-12-31,F,31,70619,10866,8770,7868,6927,9576,11157,7577,7878,10866,8770,4049,3819,1830,5097,2828,3356,3392,3077,8080,4022,3555,7878,10866,601,581,1104,670,490,703,857,612,1208,931,696,317,1367,381,522,402,306,449,622,378,478,1417,364,515,314,353,578,692,560,743,823,713,534,724,828,732,680,534,1181,433,1032,489,656,482,697,698,1213,647,834,575,718,426,651,707,671,2955,1533,718,889,603,711,220,1598,676,792,736,635,881,906,1133,544,1371,1559,1007,1157,2240
2019-12-31,F,32,69266,10734,8894,7707,6698,9293,10912,7496,7532,10734,8894,3924,3783,1800,4898,2818,3271,3204,2978,7934,3927,3569,7532,10734,588,653,1053,699,441,736,857,610,1226,962,700,369,1334,404,460,432,278,432,584,391,459,1374,386,482,298,393,528,729,543,766,792,691,497,660,799,693,652,549,1157,460,1035,471,624,454,687,640,1173,587,804,555,692,406,618,707,679,2891,1448,711,924,584,697,227,1539,651,811,699,599,907,879,1184,514,1369,1545,911,1104,2089
2019-12-31,F,33,70190,11017,9108,7780,6799,9174,11276,7374,7662,11017,9108,3960,3820,1846,4953,2726,3264,3184,3046,8230,3871,3503,7662,11017,595,618,1072,697,483,747,892,643,1233,1031,761,336,1337,383,501,432,299,428,580,375,477,1383,368,531,323,363,574,718,554,694,787,697,555,674,810,736,620,538,1179,389,1064,450,615,467,668,656,1199,552,777,538,714,442,645,707,683,2963,1519,736,946,678,705,197,1560,634,763,717,664,826,841,1172,499,1311,1519,926,1143,2264
2019-12-31,F,34,71837,11205,9523,7984,6879,9543,11591,7534,7578,11205,9523,3983,4001,1867,5012,2810,3379,3354,3212,8379,3900,3634,7578,11205,619,701,1138,721,493,717,878,694,1348,1106,742,366,1328,374,474,436,294,411,666,365,486,1519,399,515,322,395,581,726,560,759,771,721,556,690,793,722,651,562,1165,432,1050,530,631,482,686,658,1231,623,842,624,707,468,685,728,656,2987,1599,764,955,654,764,199,1595,644,788,674,667,862,898,1207,536,1349,1591,950,1130,2022
2019-12-31,F,35,71727,11230,9636,8049,6859,9578,11476,7513,7386,11230,9636,4083,3966,1827,5032,2854,3409,3315,3129,8347,3878,3635,7386,11230,606,673,1106,708,443,742,947,674,1495,1132,758,352,1398,412,537,397,299,440,600,377,506,1422,427,536,328,370,557,714,556,735,851,741,523,683,791,708,691,602,1128,433,1083,480,616,533,697,639,1250,602,824,615,705,460,651,698,728,2914,1621,759,958,644,723,191,1559,695,759,674,637,936,861,1201,551,1342,1420,871,1144,2058
2019-12-31,F,36,71846,11150,9792,8082,6948,9345,11468,7498,7563,11150,9792,4093,3989,1792,5156,2899,3307,3139,3060,8408,3950,3548,7563,11150,660,735,1111,710,502,742,916,679,1497,1178,724,338,1341,414,530,404,330,424,650,349,521,1474,399,568,321,357,566,682,544,763,811,755,568,685,805,769,672,601,1204,422,1032,499,621,487,668,596,1167,597,779,558,734,417,697,654,792,2916,1611,792,911,640,746,215,1549,709,771,706,599,854,888,1207,498,1360,1554,975,1150,2026
2019-12-31,F,37,73512,11284,10144,8178,7099,9675,11774,7778,7580,11284,10144,4175,4003,1827,5272,2918,3437,3320,3196,8578,4079,3699,7580,11284,713,777,1183,754,488,742,868,741,1583,1173,733,389,1330,395,577,456,313,439,665,375,511,1493,396,545,352,331,537,721,569,827,782,803,585,670,801,804,687,614,1172,445,1086,534,669,456,692,648,1172,671,829,564,763,431,712,726,775,3003,1642,780,981,634,763,210,1683,719,791,676,638,931,877,1253,536,1428,1429,947,1169,2071
2019-12-31,F,38,73707,10950,10417,8216,7037,9793,11852,8091,7351,10950,10417,4248,3968,1815,5222,2987,3428,3378,3226,8626,4335,3756,7351,10950,655,762,1241,698,510,806,943,769,1648,1299,747,339,1329,421,602,431,333,479,653,391,519,1395,445,541,349,328,567,715,533,793,857,789,538,681,804,760,689,616,1216,466,1062,501,642,492,731,651,1207,665,855,589,755,468,696,718,758,2902,1759,828,999,637,743,213,1702,812,849,759,705,905,843,1303,501,1333,1413,958,1126,2020
2019-12-31,F,39,77357,11304,10998,8788,7545,10298,12330,8318,7776,11304,10998,4508,4280,1958,5587,3136,3634,3528,3393,8937,4391,3927,7776,11304,727,767,1260,801,487,783,989,859,1786,1357,807,375,1464,406,621,479,363,483,692,400,575,1558,426,575,381,365,667,770,521,784,873,884,600,792,840,814,774,642,1250,470,1139,535,690,539,731,700,1234,695,899,625,817,478,732,741,781,2970,1707,855,1054,736,834,218,1786,786,839,762,708,976,926,1317,577,1415,1437,1028,1205,2114
2019-12-31,F,40,85505,12455,12216,9467,8506,11520,13347,9139,8855,12455,12216,4903,4564,2199,6307,3401,4073,4046,3643,9704,4781,4358,8855,12455,800,858,1413,877,579,898,1128,888,1941,1443,926,465,1591,499,655,518,365,519,756,476,622,1572,479,681,345,389,680,864,655,955,997,1007,633,801,965,949,827,732,1334,508,1299,544,771,554,905,808,1425,767,1046,628,895,469,795,856,922,3194,1934,932,1117,765,840,293,1901,828,903,856,784,1081,1000,1493,641,1546,1645,1168,1367,2488
2019-12-31,F,41,88319,12604,12703,9960,8776,12040,13445,9577,9214,12604,12703,5221,4739,2265,6511,3583,4303,4154,3857,9588,4992,4585,9214,12604,835,876,1443,827,567,946,1165,981,2011,1646,973,433,1707,494,703,547,405,542,823,500,622,1595,544,687,376,415,744,894,627,995,949,982,723,853,1015,994,802,753,1448,580,1288,644,822,637,912,772,1461,831,1090,712,901,528,818,898,877,3059,1903,926,1198,766,859,259,1922,946,971,894,846,1077,1082,1580,690,1685,1739,1149,1403,2548
2019-12-31,F,42,89545,12220,13011,10085,8778,12340,13946,9899,9266,12220,13011,5198,4887,2364,6414,3696,4405,4239,3928,10018,5163,4736,9266,12220,877,945,1499,928,545,986,1178,958,2068,1644,945,438,1604,465,702,586,430,576,835,516,656,1647,522,680,429,437,784,903,677,956,961,1007,722,831,1040,897,868,762,1496,570,1327,656,868,621,933,806,1462,828,1143,732,938,514,837,907,875,3196,2132,941,1215,742,917,274,1966,975,954,994,876,1100,1142,1618,708,1774,1717,1175,1391,2501
2019-12-31,F,43,91612,12022,12773,10532,9424,12973,14189,10111,9588,12022,12773,5405,5127,2489,6935,3832,4670,4471,4122,10067,5395,4716,9588,12022,826,896,1523,865,604,954,1130,931,1986,1603,961,494,1738,503,746,595,401,591,831,532,739,1657,562,783,428,426,802,983,704,1075,1047,1065,723,886,1092,1047,916,752,1553,611,1395,661,905,669,1040,859,1558,850,1204,775,931,567,898,951,902,3212,2034,978,1246,807,888,294,2126,886,1038,1051,835,1130,1118,1633,739,1784,1897,1257,1436,2475
2019-12-31,F,44,93529,11996,13142,10673,9917,12982,14523,10519,9777,11996,13142,5461,5212,2679,7238,3896,4626,4460,4210,10313,5532,4987,9777,11996,861,899,1510,933,655,1052,1162,1004,1954,1668,996,448,1694,536,729,617,409,600,876,558,770,1743,559,734,408,440,865,1060,754,1136,1100,1051,757,968,1171,1055,878,760,1611,647,1355,671,896,689,1015,792,1555,913,1200,779,960,567,956,948,945,3199,2083,1020,1287,769,1010,313,2085,948,1138,1048,921,1188,1233,1645,740,1785,1873,1298,1436,2645
2019-12-31,F,45,93908,11770,12676,10882,10014,13291,14595,10469,10211,11770,12676,5603,5279,2623,7391,4025,4801,4465,4324,10271,5549,4920,10211,11770,826,914,1518,889,610,1013,1108,969,1825,1511,1044,449,1746,531,796,603,423,602,902,563,751,1705,568,761,405,526,814,1059,750,1192,1056,1058,814,994,1164,1113,930,831,1637,627,1438,679,987,694,1003,831,1479,967,1188,821,977,605,939,982,941,3167,2039,1041,1274,797,1012,334,2115,926,1136,1038,901,1174,1161,1684,796,1815,2050,1297,1569,2684
2019-12-31,F,46,87407,10617,11835,10127,9409,12442,13497,9751,9729,10617,11835,5283,4844,2547,6862,3742,4478,4222,3904,9593,5075,4676,9729,10617,769,778,1411,836,596,981,1111,821,1717,1401,968,446,1722,529,713,562,379,546,832,512,702,1596,524,628,400,482,845,975,727,1146,1012,963,689,878,1107,1067,881,776,1513,572,1274,685,907,628,984,860,1424,826,1112,704,890,569,848,893,873,2946,1879,921,1243,747,984,286,1860,924,992,1013,878,1158,1103,1537,769,1768,1953,1170,1464,2605
2019-12-31,F,47,79592,9341,10664,9250,8748,11427,12268,8989,8905,9341,10664,4785,4465,2210,6538,3427,4127,3873,3816,8452,4641,4348,8905,9341,720,735,1349,761,518,883,986,754,1511,1201,836,410,1482,514,677,558,364,486,704,477,661,1420,481,608,386,432,719,836,655,1054,932,911,692,888,1099,962,752,726,1380,569,1224,577,818,592,916,748,1307,782,1036,716,844,534,848,874,767,2546,1655,868,1168,621,827,292,1689,813,957,890,756,1094,1052,1446,713,1599,1842,1077,1295,2379
2019-12-31,F,48,75075,9132,9959,8529,8112,10726,11530,8477,8610,9132,9959,4510,4019,2099,6013,3205,3830,3691,3561,7969,4450,4027,8610,9132,689,651,1243,711,553,799,866,740,1354,1176,789,388,1421,410,594,507,363,501,714,460,608,1231,452,544,350,374,653,813,633,950,897,880,619,811,949,907,737,661,1266,541,1144,523,785,562,816,707,1233,732,1019,632,837,534,749,809,744,2346,1532,801,1055,648,843,252,1680,702,995,821,738,980,1037,1272,632,1592,1806,1084,1223,2273
2019-12-31,F,49,72128,8604,9392,8286,7823,10252,11375,8179,8217,8604,9392,4419,3867,2088,5735,2989,3794,3469,3389,7986,4258,3921,8217,8604,666,651,1151,609,518,786,874,690,1275,1110,716,346,1327,432,659,503,354,469,675,419,542,1248,393,526,350,389,615,797,676,913,895,793,582,766,957,829,676,653,1144,516,1103,514,779,540,858,679,1191,685,914,630,765,479,718,797,735,2350,1514,859,1090,602,836,213,1543,737,914,851,727,914,987,1293,601,1419,1738,1030,1211,2218
2019-12-31,F,50,68963,8055,8905,7984,7324,9877,10810,7904,8104,8055,8905,4223,3761,2045,5279,2861,3652,3364,3291,7519,4134,3770,8104,8055,623,604,1148,614,495,674,847,635,1170,1007,735,353,1267,391,625,444,337,474,685,430,590,1186,398,526,291,340,607,820,618,837,797,759,532,725,863,766,683,582,1133,463,1089,499,768,481,815,653,1139,696,876,590,744,453,706,798,715,2209,1376,779,1094,573,773,232,1469,720,901,812,670,943,916,1241,628,1436,1729,1042,1101,2168
2019-12-31,F,51,65838,7739,8458,7644,7041,9295,10339,7619,7703,7739,8458,4031,3613,1944,5097,2732,3399,3164,3136,7203,3844,3775,7703,7739,590,575,1074,594,474,703,779,608,1087,917,715,342,1236,357,549,427,320,455,687,378,552,1158,397,461,324,343,602,752,590,800,767,716,540,706,823,745,657,583,1016,476,1044,457,680,456,762,636,1030,621,877,607,673,444,704,708,603,2285,1329,765,1001,516,704,210,1408,634,842,750,675,994,929,1177,646,1357,1692,955,1059,1994
2019-12-31,F,52,65772,7804,8355,7518,7185,9210,10287,7545,7868,7804,8355,3952,3566,1987,5198,2670,3391,3149,3171,7116,3952,3593,7868,7804,597,582,1027,610,464,688,754,592,1098,872,725,346,1226,361,583,453,309,428,592,364,581,1171,359,464,284,343,631,748,608,795,830,732,511,761,824,745,659,568,1014,429,980,472,692,479,768,639,1032,634,844,595,667,441,704,764,637,2195,1292,722,1008,564,698,254,1369,697,872,760,653,911,892,1137,575,1461,1725,979,1045,2083
2019-12-31,F,53,66703,7807,8173,7719,7207,9236,10661,7725,8175,7807,8173,4014,3705,1912,5295,2710,3351,3175,3220,7441,4001,3724,8175,7807,580,576,1017,614,457,680,761,590,987,821,738,352,1282,383,527,431,328,480,583,390,541,1173,394,544,317,346,594,739,579,762,877,717,537,803,848,751,623,542,1090,455,992,522,696,445,696,647,1027,657,844,568,677,465,772,738,669,2237,1395,793,985,577,785,238,1458,648,896,761,657,961,934,1172,569,1432,1844,969,1130,2231
2019-12-31,F,54,69081,8165,8542,7884,7410,9758,10891,8001,8430,8165,8542,4161,3723,2026,5384,2801,3574,3383,3354,7537,4096,3905,8430,8165,631,563,1178,622,487,667,783,595,1034,876,749,357,1266,404,558,484,320,468,661,381,596,1168,389,507,304,378,629,761,636,799,816,792,548,789,862,778,688,570,1074,469,997,532,708,527,810,713,1079,666,925,601,734,500,751,768,741,2425,1287,791,1043,529,721,251,1535,707,871,732,689,947,1020,1249,636,1485,1870,969,1144,2326
2019-12-31,F,55,71982,8516,8896,8314,7722,9964,11347,8294,8929,8516,8896,4311,4003,2091,5631,2974,3593,3397,3507,7840,4162,4132,8929,8516,621,601,1165,644,508,737,809,581,1107,917,824,382,1354,434,572,467,343,469,672,433,607,1281,421,533,332,396,637,825,629,891,881,758,551,853,922,775,712,614,1148,500,1064,540,750,498,741,717,1134,681,865,652,732,509,795,819,674,2542,1409,789,1099,570,757,257,1513,714,904,774,738,1011,1041,1342,614,1551,2005,1042,1332,2385
2019-12-31,F,56,69808,8380,8449,8089,7387,9798,10913,8359,8433,8380,8449,4293,3796,2015,5372,2879,3561,3358,3311,7602,4239,4120,8433,8380,617,587,1095,570,510,653,773,604,1007,900,786,347,1273,388,598,483,352,496,703,406,585,1224,380,515,297,389,600,797,618,804,838,732,521,782,882,813,680,565,1135,499,1055,500,725,484,797,678,1083,680,917,649,724,444,716,778,638,2404,1395,775,1072,623,695,277,1585,688,893,796,728,1011,1081,1300,602,1418,1869,1052,1208,2284
2019-12-31,F,57,62747,7295,7446,7297,6592,8875,9974,7437,7831,7295,7446,3886,3411,1860,4732,2515,3272,3088,3133,6841,3754,3683,7831,7295,578,518,959,559,450,599,637,514,870,734,707,321,1162,327,541,439,336,432,649,345,531,1130,337,449,294,325,549,751,560,722,791,653,542,688,678,658,629,529,953,404,966,477,687,433,709,656,1010,610,812,586,687,456,672,732,593,2259,1136,686,1008,520,639,226,1375,656,790,707,688,897,883,1215,541,1441,1704,911,1139,2095
2019-12-31,F,58,61256,6981,7229,7290,6190,8520,10043,7536,7467,6981,7229,3840,3450,1686,4504,2403,3128,2989,3168,6875,3821,3715,7467,6981,539,446,926,527,431,566,669,553,857,714,656,345,1115,355,574,404,299,443,650,355,574,1100,368,465,276,312,510,668,508,645,765,662,507,656,672,597,599,494,880,430,879,482,617,480,670,655,1006,560,768,604,666,441,730,727,604,2239,1198,719,927,524,664,228,1384,677,802,730,712,863,916,1224,547,1313,1601,880,1149,1977
2019-12-31,F,59,59632,6586,7082,7149,6244,8384,9631,7291,7265,6586,7082,3804,3345,1810,4434,2406,3058,2920,2992,6639,3757,3534,7265,6586,566,500,817,548,449,509,680,524,849,653,658,329,1077,386,557,447,327,429,581,333,519,1117,364,400,267,345,571,715,524,663,712,638,494,639,692,596,583,500,899,424,953,490,594,423,598,585,994,607,734,555,645,421,696,675,581,2133,1152,652,972,508,641,268,1367,594,810,718,661,886,881,1106,516,1260,1644,869,1157,1819
2019-12-31,F,60,59043,6405,6987,7079,6195,8322,9661,7248,7146,6405,6987,3749,3330,1787,4408,2307,3099,2916,3064,6597,3713,3535,7146,6405,587,451,820,546,449,555,639,533,793,651,672,291,1092,373,571,409,284,407,613,339,517,1145,337,429,277,286,579,696,512,643,717,630,504,624,687,603,552,469,891,395,916,432,657,413,681,617,942,590,767,591,656,434,697,686,625,2079,1061,696,948,517,671,217,1351,655,773,717,643,881,849,1162,578,1249,1463,933,1057,1866
2019-12-31,F,61,64246,6967,7719,7668,6867,9056,10225,7849,7895,6967,7719,4127,3541,1900,4967,2626,3275,3155,3165,7060,4100,3749,7895,6967,630,517,920,582,511,601,718,585,887,696,732,340,1147,379,626,449,382,453,691,381,519,1174,359,448,309,351,596,776,528,758,769,751,544,707,754,684,664,532,949,481,1004,456,653,470,692,644,1041,631,839,565,688,473,671,768,648,2231,1211,730,999,530,711,248,1500,670,914,768,687,961,903,1198,620,1336,1688,944,1202,2105
2019-12-31,F,62,68711,7422,8289,8224,7339,9660,11248,8229,8300,7422,8289,4415,3809,2024,5315,2707,3547,3406,3400,7848,4229,4000,8300,7422,684,504,1007,619,523,656,799,666,924,724,788,395,1347,424,630,474,355,494,691,426,614,1207,357,506,326,373,614,837,573,859,848,758,605,684,838,723,670,553,999,485,1019,580,664,536,748,659,1120,716,911,635,759,502,755,749,715,2419,1342,839,1136,623,774,271,1526,740,881,811,740,975,974,1311,680,1419,1733,1024,1244,2200
2019-12-31,F,63,71283,7791,8625,8549,7517,10342,11471,8535,8453,7791,8625,4522,4027,2036,5481,2919,3854,3569,3471,8000,4454,4081,8453,7791,664,570,1067,681,565,657,839,610,935,798,848,391,1323,425,648,523,343,525,735,478,624,1274,444,518,335,354,652,780,604,863,832,833,609,749,826,769,720,602,1076,521,1173,532,793,546,810,752,1136,755,926,663,793,487,764,764,750,2599,1207,835,1110,635,864,315,1652,747,870,870,684,1010,1021,1366,707,1497,1753,1012,1272,2212
2019-12-31,F,64,71864,7986,8635,8662,7618,10419,11568,8584,8392,7986,8635,4557,4105,2094,5524,2832,3999,3588,3521,8047,4490,4094,8392,7986,681,584,1059,699,512,637,798,679,959,803,812,412,1302,406,707,492,367,522,761,410,667,1345,453,507,347,376,627,864,603,840,856,890,642,747,810,739,722,583,1052,475,1214,623,771,561,830,782,1216,682,908,681,737,536,786,781,752,2553,1366,858,1113,593,812,336,1595,789,881,889,793,964,1012,1325,683,1358,1795,989,1319,2248
2019-12-31,F,65,72182,8238,8820,8473,7775,10667,11297,8604,8308,8238,8820,4436,4037,2037,5738,2993,4023,3651,3382,7915,4428,4176,8308,8238,727,620,1120,678,517,668,806,643,963,822,833,423,1270,404,649,496,364,516,737,421,636,1332,429,550,325,344,645,838,554,981,799,884,584,813,875,802,719,608,1144,522,1211,578,829,552,853,752,1178,743,978,654,759,472,775,722,741,2493,1309,853,1095,625,799,308,1596,735,941,848,809,990,1010,1367,679,1457,1625,1111,1216,2220
2019-12-31,F,66,72260,8224,8846,8660,7804,10600,11095,8638,8393,8224,8846,4514,4146,2220,5584,3095,3940,3565,3308,7787,4479,4159,8393,8224,701,622,1110,718,555,679,862,633,947,801,822,396,1272,420,695,531,346,516,734,405,649,1370,438,565,342,377,678,885,657,995,881,773,628,696,832,779,751,634,1212,498,1200,555,761,562,862,698,1184,729,954,628,749,462,742,727,729,2472,1295,782,1143,579,787,315,1595,754,895,920,790,955,968,1446,757,1477,1735,1060,1195,2169
2019-12-31,F,67,73371,8436,9068,8560,7877,11077,11314,8541,8498,8436,9068,4361,4199,2026,5851,3304,4065,3708,3379,7935,4449,4092,8498,8436,713,593,1087,704,528,792,891,680,985,842,832,421,1289,410,609,492,336,473,752,468,645,1297,487,565,357,380,677,785,564,1022,816,853,650,748,916,846,733,698,1335,538,1190,619,791,560,905,754,1170,766,1018,657,722,479,755,766,780,2514,1314,793,1099,590,845,308,1568,749,920,904,773,944,982,1393,745,1503,1753,1088,1271,2138
2019-12-31,F,68,73740,8326,8787,8383,8267,10969,11445,8709,8854,8326,8787,4560,3823,2201,6066,3273,4024,3672,3431,8014,4500,4209,8854,8326,690,592,1112,652,525,742,828,640,963,810,822,411,1319,445,702,520,346,489,739,391,620,1178,450,509,331,344,654,893,654,1099,863,823,647,811,941,882,759,700,1244,570,1154,514,859,549,948,769,1143,766,994,678,720,503,785,745,720,2546,1413,797,1108,651,779,321,1595,785,890,909,825,952,988,1444,818,1515,1788,1115,1275,2343
2019-12-31,F,69,71695,7965,8733,8157,8262,10809,11055,8370,8344,7965,8733,4326,3831,2211,6051,3291,4067,3451,3318,7737,4363,4007,8344,7965,729,565,1085,680,526,729,829,671,948,792,792,387,1220,370,693,518,343,488,694,432,601,1264,379,504,321,330,700,870,641,1046,832,891,638,827,951,866,736,715,1329,511,1124,578,795,599,971,663,1077,728,983,633,752,480,734,719,690,2433,1368,817,1041,613,775,326,1553,724,834,926,776,965,925,1341,686,1476,1720,1020,1226,2216
2019-12-31,F,70,69392,7795,8552,7866,7904,10302,10675,8098,8200,7795,8552,4103,3763,2051,5853,3126,3854,3322,3250,7425,4266,3832,8200,7795,760,558,1129,620,512,700,771,635,921,754,800,392,1157,401,653,479,322,431,660,418,584,1194,421,476,334,336,610,849,592,976,845,851,603,732,937,909,768,650,1212,496,1139,568,754,503,890,662,1045,721,894,664,743,471,672,700,703,2395,1288,741,1000,544,754,302,1503,768,807,886,737,922,942,1231,735,1449,1614,1009,1176,2217
2019-12-31,F,71,70511,8071,8481,8092,8058,10509,10920,8221,8159,8071,8481,4275,3817,2095,5963,3220,3957,3332,3295,7625,4391,3830,8159,8071,670,558,1058,644,507,687,780,622,984,813,767,391,1204,412,675,461,343,485,695,397,605,1248,418,483,336,330,661,835,599,1022,869,882,596,797,928,869,727,655,1304,534,1183,547,779,547,901,679,1038,702,913,642,712,541,678,722,723,2417,1341,783,984,568,809,297,1551,770,865,908,692,921,1006,1211,743,1416,1751,1002,1164,2083
2019-12-31,F,72,72716,8595,8734,8451,8215,10925,11338,8284,8174,8595,8734,4431,4020,2172,6043,3380,4068,3477,3350,7988,4482,3802,8174,8595,660,636,1147,717,500,701,772,627,982,787,789,416,1255,399,697,525,351,478,726,445,622,1329,409,518,337,360,679,865,628,1064,810,881,592,786,1000,910,781,776,1293,530,1209,558,781,539,981,685,1140,707,945,619,736,492,749,754,691,2731,1400,822,1023,529,792,313,1616,677,961,915,698,927,946,1231,747,1356,1728,1004,1137,2202
2019-12-31,F,73,69379,8920,8468,8036,7313,10249,11067,7987,7339,8920,8468,4192,3844,1847,5466,2992,3815,3442,3229,7838,4164,3823,7339,8920,681,617,1019,661,518,636,791,659,928,816,760,382,1260,364,652,465,312,423,716,390,559,1350,429,500,351,265,582,746,519,929,768,792,561,751,811,854,689,616,1191,496,1199,548,732,495,841,666,1166,687,923,599,735,484,681,730,698,2804,1352,777,1004,503,700,240,1465,761,917,781,665,933,969,1256,638,1211,1536,965,939,2050
2019-12-31,F,74,55453,7292,6772,6470,5342,7973,9013,6538,6053,7292,6772,3326,3144,1445,3897,2229,3082,2662,2770,6243,3357,3181,6053,7292,518,480,912,509,376,605,641,515,719,640,586,271,996,250,473,408,239,374,586,286,515,1146,320,370,269,238,454,592,399,654,556,564,399,541,630,553,476,501,836,416,929,424,645,417,667,539,850,541,732,524,536,436,579,695,582,2161,1062,602,843,443,550,209,1189,625,770,564,578,780,808,1015,433,1021,1329,723,766,1781
2019-12-31,F,75,56718,7516,6683,6537,5614,8175,9022,6551,6620,7516,6683,3316,3221,1491,4123,2254,3203,2718,2663,6359,3368,3183,6620,7516,454,518,904,544,410,533,606,485,692,641,601,295,988,278,470,414,210,393,563,300,491,1261,340,373,256,200,448,604,439,674,547,596,399,569,684,654,462,465,901,426,948,486,705,427,637,624,888,524,682,490,577,414,590,592,577,2290,1075,569,843,475,530,197,1221,617,745,588,553,799,800,1031,481,1152,1472,755,858,1902
2019-12-31,F,76,53657,6875,6302,6063,5251,7757,8657,6318,6434,6875,6302,3155,2908,1413,3838,2191,3035,2531,2575,6082,3337,2981,6434,6875,461,486,820,475,414,506,583,449,650,621,560,277,978,247,459,383,214,399,475,300,477,1057,285,343,245,201,446,577,390,628,533,574,369,534,585,615,441,480,832,438,943,408,620,414,650,517,862,503,649,521,509,385,551,609,550,2180,1115,550,806,399,482,191,1207,591,698,650,537,744,722,978,412,1090,1441,761,851,1879
2019-12-31,F,77,46432,5710,5312,5317,4596,6569,7704,5563,5661,5710,5312,2768,2549,1193,3403,1830,2541,2198,2209,5495,2914,2649,5661,5710,424,348,694,432,352,426,476,412,568,461,462,257,800,220,376,358,208,341,465,250,403,936,267,312,190,191,359,484,350,534,490,509,342,483,542,503,356,400,730,344,787,307,551,329,567,460,717,444,577,402,453,345,475,534,506,1930,926,548,786,363,436,174,1061,476,644,559,489,635,630,895,409,963,1351,651,755,1532
2019-12-31,F,78,43305,4937,4764,4886,4364,6180,7231,5362,5581,4937,4764,2546,2340,1218,3146,1743,2347,2090,2054,5177,2749,2613,5581,4937,343,312,632,404,320,380,417,350,512,409,461,224,756,202,380,299,186,315,408,236,356,833,233,293,185,204,359,479,380,498,426,488,308,463,519,444,383,368,664,328,724,333,484,325,481,407,657,451,575,372,421,343,449,469,495,1726,919,482,717,386,452,175,991,451,572,560,452,622,651,888,342,1024,1360,614,753,1488
2019-12-31,F,79,40927,4452,4572,4603,4297,5809,6846,5026,5322,4452,4572,2435,2168,1265,3032,1568,2227,2014,2112,4734,2565,2461,5322,4452,388,343,618,389,287,335,400,337,453,330,452,240,721,201,347,277,188,306,395,225,327,734,226,280,169,207,392,525,348,438,466,430,314,465,488,431,340,326,638,264,684,299,431,307,506,431,684,405,494,404,466,319,449,474,444,1591,808,450,652,342,447,159,934,400,551,521,446,601,556,858,342,872,1139,601,847,1521
2019-12-31,F,80,35233,3642,3917,4057,3683,5174,5936,4454,4370,3642,3917,2103,1954,1052,2631,1485,1900,1789,1864,4072,2173,2281,4370,3642,321,285,489,344,229,341,364,291,383,312,383,175,595,163,299,268,165,253,360,197,306,692,209,224,161,165,316,443,293,414,363,352,266,372,483,381,288,330,584,283,602,274,393,263,368,353,629,356,451,368,376,284,390,446,383,1424,662,409,552,296,346,128,774,369,471,431,396,597,533,755,276,686,971,504,733,1200
2019-12-31,F,81,32176,3651,3655,3772,3164,4536,5548,4190,3660,3651,3655,1984,1788,933,2231,1214,1771,1551,1740,3808,2149,2041,3660,3651,284,260,457,304,262,305,323,275,369,274,372,170,543,156,282,248,151,247,357,162,294,631,190,212,161,138,243,403,287,355,322,323,251,290,347,343,262,249,469,234,592,242,344,230,363,334,530,303,384,323,366,265,359,427,385,1284,617,367,541,289,325,112,743,398,499,397,350,505,507,679,255,601,800,465,527,1012
2019-12-31,F,82,28933,3357,3269,3311,2793,4212,4991,3795,3205,3357,3269,1763,1548,834,1959,1075,1606,1531,1586,3405,1890,1905,3205,3357,289,224,403,275,225,272,323,260,318,241,301,138,482,134,260,231,138,215,303,134,244,594,150,185,116,125,223,375,236,300,274,324,222,268,298,273,243,248,386,198,477,225,345,222,337,319,535,285,392,284,330,257,331,384,311,1181,583,289,472,286,283,115,654,344,418,359,346,462,453,644,249,524,686,397,465,884
2019-12-31,F,83,26920,3174,3048,3209,2484,3923,4651,3463,2968,3174,3048,1729,1480,725,1759,1025,1481,1417,1445,3206,1717,1746,2968,3174,244,193,351,255,208,244,294,220,320,244,328,147,476,132,275,221,141,192,292,140,220,583,150,165,119,103,224,312,189,280,251,272,190,234,230,302,230,201,374,220,507,195,288,205,286,279,530,246,362,289,282,247,284,343,296,1134,528,295,446,221,286,79,649,301,380,308,298,476,410,562,213,534,639,332,465,785
2019-12-31,F,84,24901,2865,2901,3052,2287,3608,4310,3197,2681,2865,2901,1670,1382,654,1633,932,1390,1286,1359,2951,1603,1594,2681,2865,242,179,372,229,225,222,291,224,275,237,288,117,489,104,252,212,112,180,321,141,236,490,151,156,107,101,191,278,185,260,222,261,169,236,237,248,188,181,368,195,441,221,281,181,266,265,463,244,314,276,315,199,274,295,288,978,523,283,420,215,244,92,581,280,353,297,274,399,397,524,207,468,556,342,400,708
2019-12-31,F,85,23295,2736,2749,2772,2107,3435,3958,3022,2516,2736,2749,1432,1340,601,1506,899,1300,1236,1264,2694,1476,1546,2516,2736,230,177,321,246,200,209,249,196,288,224,288,121,453,98,179,168,98,179,257,144,223,494,124,145,122,88,167,282,152,256,208,263,147,201,189,242,169,185,331,214,422,177,286,175,240,255,438,229,314,220,260,189,286,309,258,939,446,226,391,208,226,74,572,252,312,266,284,393,326,543,198,443,508,261,383,723
2019-12-31,F,86,21243,2610,2475,2458,1848,3163,3688,2769,2232,2610,2475,1339,1119,512,1336,835,1192,1136,1098,2590,1393,1376,2232,2610,198,170,321,234,182,174,241,165,248,199,237,106,394,86,196,178,91,152,242,95,226,399,117,127,88,67,153,221,138,216,172,232,145,165,198,208,165,179,311,180,384,173,246,158,231,246,391,229,270,210,230,160,258,240,237,932,413,227,355,187,239,79,538,247,300,229,244,347,308,477,171,376,467,267,362,589
2019-12-31,F,87,19758,2586,2311,2247,1622,2931,3443,2548,2070,2586,2311,1204,1043,450,1172,734,1074,1123,1075,2368,1244,1304,2070,2586,207,157,263,195,173,181,217,171,224,201,213,109,371,74,200,142,93,125,199,110,170,379,113,117,91,63,141,210,99,199,133,195,117,145,181,202,140,149,267,178,357,162,218,143,194,238,415,212,258,231,237,139,253,215,234,837,366,211,304,192,224,78,457,229,231,249,219,307,301,477,129,351,398,260,318,614
2019-12-31,F,88,17202,2240,1947,2003,1411,2558,2959,2233,1851,2240,1947,1068,935,391,1020,630,1022,906,859,2100,1120,1113,1851,2240,143,117,277,155,152,136,198,147,209,147,178,88,302,73,165,150,75,110,193,107,147,338,96,103,82,62,123,192,76,187,116,147,120,155,134,161,120,149,232,129,361,137,191,145,188,188,323,165,230,163,174,132,215,175,207,767,331,183,269,168,175,55,451,188,214,212,212,260,258,383,100,339,379,234,283,516
2019-12-31,F,89,14941,2013,1686,1745,1224,2237,2606,1846,1584,2013,1686,910,835,325,899,577,929,731,737,1869,919,927,1584,2013,117,118,205,130,119,120,189,125,173,156,162,72,272,66,130,115,62,103,162,60,134,321,91,104,70,55,91,160,74,141,109,157,82,126,150,134,97,137,223,120,261,160,198,116,194,129,266,139,197,147,172,92,182,144,179,689,317,143,253,124,164,43,344,162,195,175,176,215,224,312,106,307,300,184,210,477
2019-12-31,F,90,11771,1606,1319,1330,955,1753,2084,1436,1288,1606,1319,708,622,278,677,494,662,597,602,1482,729,707,1288,1606,106,93,169,101,80,109,104,89,150,112,146,60,201,49,104,93,44,79,138,75,102,219,75,56,54,41,88,127,63,114,84,106,81,82,100,110,93,105,192,104,215,85,139,88,135,113,218,122,144,93,135,105,141,128,134,582,242,123,183,111,107,38,285,144,143,119,137,178,145,247,86,221,260,145,195,381
2019-12-31,F,91,9616,1370,1069,1029,799,1416,1731,1188,1014,1370,1069,591,438,222,577,369,590,457,498,1233,600,588,1014,1370,99,75,122,79,76,94,103,72,116,89,104,40,160,39,74,93,42,67,116,33,73,179,36,51,44,22,67,98,57,96,82,90,57,70,83,99,64,103,127,75,183,97,121,87,102,83,174,76,124,87,112,77,115,107,111,454,205,108,157,81,117,32,221,116,122,109,103,144,138,203,74,179,191,130,165,275
2019-12-31,F,92,7396,1046,808,791,609,1084,1322,952,784,1046,808,412,379,159,450,314,447,323,343,979,459,493,784,1046,63,52,89,71,66,66,67,60,91,80,73,30,116,39,53,51,34,44,75,29,60,135,38,51,38,28,50,81,28,85,55,64,44,56,66,80,55,68,130,61,143,62,73,75,94,54,125,68,76,61,83,37,84,78,88,380,150,84,129,73,75,21,173,64,114,87,95,133,109,156,56,147,179,85,95,222
2019-12-31,F,93,5666,791,635,589,490,826,1007,734,594,791,635,326,263,131,359,232,321,273,289,718,394,340,594,791,61,46,71,49,33,54,72,46,55,54,71,23,99,12,54,44,23,36,58,28,37,109,23,26,24,16,50,49,32,58,56,61,30,40,44,70,36,49,106,41,113,49,49,52,58,41,106,55,71,42,62,51,77,57,64,297,107,60,85,43,62,24,151,61,83,75,66,83,77,114,49,116,107,75,86,161
2019-12-31,F,94,4162,593,470,449,316,619,740,526,449,593,470,238,211,84,232,179,248,192,196,544,269,257,449,593,28,32,54,55,18,44,43,31,48,47,44,26,68,15,37,28,21,32,37,21,37,81,21,23,14,14,30,34,20,42,22,31,22,29,38,48,36,38,78,27,73,48,57,25,45,38,72,27,55,24,43,32,45,52,48,223,71,40,76,33,53,18,97,51,62,41,56,62,55,84,42,81,92,56,61,117
2019-12-31,F,95,3077,494,320,324,281,439,552,348,319,494,320,190,134,79,202,127,163,149,141,411,183,165,319,494,17,20,41,33,17,26,35,31,26,27,34,13,44,20,33,25,10,18,40,13,28,39,13,18,10,13,28,38,13,37,30,32,16,27,25,35,18,35,51,23,48,25,38,22,30,33,49,22,45,29,29,21,32,30,33,175,69,31,39,21,43,8,63,32,33,47,48,46,30,41,25,62,47,43,54,88
2019-12-31,F,96,2294,381,239,234,219,321,388,269,243,381,239,112,122,63,156,93,115,113,99,289,144,125,243,381,14,19,28,25,9,21,21,19,24,28,21,10,38,7,13,15,12,17,10,9,18,45,14,17,12,7,20,32,11,30,26,19,18,14,22,27,20,20,39,14,39,22,27,12,15,20,41,21,31,20,20,8,27,24,26,118,52,20,31,16,26,9,62,25,22,26,24,34,31,36,20,52,41,25,33,72
2019-12-31,F,97,1414,229,152,147,117,199,255,150,165,229,152,98,49,29,88,46,88,65,60,195,85,65,165,229,12,7,17,17,10,14,10,18,13,11,14,9,30,3,13,14,7,9,22,4,5,15,11,5,5,4,11,14,4,16,7,15,11,11,8,20,12,10,14,10,25,12,25,10,16,13,21,10,21,7,18,7,16,12,17,81,38,15,15,12,17,3,35,18,18,11,17,14,9,25,15,34,25,29,19,43
2019-12-31,F,98,920,126,94,92,72,135,171,120,110,126,94,53,39,15,57,38,57,40,45,126,60,60,110,126,6,6,9,9,13,8,9,5,7,11,10,1,17,4,10,7,6,6,3,2,10,7,2,6,10,2,6,6,3,6,16,6,5,6,8,10,10,12,10,6,23,11,5,6,12,12,10,9,9,8,8,4,16,9,8,54,23,14,5,7,15,4,16,16,14,10,10,18,13,19,3,23,18,10,14,42
2019-12-31,F,99,482,79,58,49,38,63,73,68,54,79,58,28,21,11,27,23,22,18,19,54,36,32,54,79,6,6,9,5,3,4,8,1,6,7,2,1,14,2,3,2,1,1,5,2,4,7,1,2,2,3,3,4,4,7,4,7,0,2,3,4,6,5,7,5,8,6,4,1,3,5,6,3,4,0,6,2,5,6,1,22,15,3,7,3,3,1,12,10,6,7,5,8,6,13,2,10,13,6,10,13
2019-12-31,F,100+,515,76,62,70,41,69,103,51,43,76,62,45,25,10,31,10,39,20,23,80,26,25,43,76,1,2,1,10,3,3,5,3,19,8,7,0,16,5,6,7,0,5,6,4,3,4,4,7,1,2,5,4,1,11,2,7,1,5,1,4,0,4,4,2,8,4,9,8,10,1,9,5,5,5,2,5,4,7,5,29,13,10,10,6,7,2,7,4,5,8,4,6,6,9,1,4,14,4,10,10
